{"cameraMode":{"drawMode":0,"name":"Shaded","section":"Shading Mode"},"sceneLighting":true,"audioPlay":false,"sceneViewState":{"m_AlwaysRefresh":false,"showFog":true,"showSkybox":true,"showFlares":true,"showImageEffects":true,"showParticleSystems":true,"showVisualEffectGraphs":true,"m_FxEnabled":true},"in2DMode":false,"pivot":{"x":-0.19750332832336427,"y":0.33511650562286379,"z":-0.23343735933303834},"rotation":{"x":0.02683858387172222,"y":-0.9605058431625366,"z":0.09976901113986969,"w":0.25839290022850039},"size":0.5991803407669067,"orthographic":true}